INSERT INTO PRACOWNICY
VALUES ('12345678910','Adam','Kowalski','500','Internista', '10/09/01');

INSERT INTO GABINETY
VALUES ('1','Wizyty');

INSERT INTO TERMINARZE
VALUES ('13/05/16','08/05/01','12/05/01','12345678910','1');

INSERT INTO TERMINARZE
VALUES ('13/06/16','12/05/01','16/05/01','12345678910','1');

INSERT INTO TERMINARZE
VALUES ('14/02/10','16/05/01','20/05/01','12345678910','1');

INSERT INTO TERMINARZE
VALUES ('16/07/10','08/05/01','12/05/01','12345678910','1');

INSERT INTO PRACOWNICY
VALUES ('12345678109','Gosia','Nowak','300','Kardiolog', '13/02/01');

INSERT INTO GABINETY
VALUES ('2','Badania');

INSERT INTO TERMINARZE
VALUES ('15/05/12','08/10/01','14/10/01','12345678109','2');

INSERT INTO TERMINARZE
VALUES ('15/06/12','14/10/01','20/10/01','12345678109','2');

INSERT INTO TERMINARZE
VALUES ('16/06/30','08/10/01','14/10/01','12345678109','2');

INSERT INTO PACJENCI
VALUES ('12345671098','Anna','Sienkiewicz','12345');

INSERT INTO PACJENCI
VALUES ('12345610798','Jan','Nowak','123456');

INSERT INTO PACJENCI
VALUES ('12345106798','Ewa','Kolska','123456ewa');

INSERT INTO PACJENCI
VALUES ('12341056798','Stefan','Asinski','123stefan');

INSERT INTO WIZYTY
VALUES ('1','08/05/01','09/05/01','Wizyta', '120', '13/05/16', '12345678910', '1', '12341056798');

INSERT INTO WIZYTY
VALUES ('2','09/05/01','10/05/01','Wizyta', '120', '13/05/16', '12345678910', '1', '12345106798');

INSERT INTO WIZYTY
VALUES ('3','12/05/01','13/05/01','Wizyta', '120', '13/06/16', '12345678910', '1', '12345106798');

INSERT INTO WIZYTY
VALUES ('4','16/05/01','17/05/01','Wizyta', '120', '14/02/10', '12345678910', '1', '12345610798');

INSERT INTO WIZYTY
VALUES ('5','08/05/01','09/05/01','Badanie', '300', '15/05/12', '12345678109', '2', '12345610798');

INSERT INTO WIZYTY
VALUES ('6','09/05/01','10/05/01','Badanie', '300', '15/05/12', '12345678109', '2', '12345106798');

INSERT INTO WIZYTY
VALUES ('7','10/05/01','11/05/01','Badanie', '300', '15/05/12', '12345678109', '2', '12341056798');

INSERT INTO WIZYTY
VALUES ('8','14/05/01','15/05/01','Badanie', '300', '15/06/12', '12345678109', '2', '12345106798');

INSERT INTO WIZYTY
VALUES ('9','08/05/01','09/05/01','Badanie', '300', '16/06/30', '12345678109', '2', '12345610798');